Sens_alpha,Sens_beta
786.281240996075,18.9394977157097
