Sens_alpha,Sens_beta
786.281240990292,18.9394977155743
