Spec_alpha,Spec_beta
1365.87778647523,13.7274012075817
