Spec_alpha,Spec_beta
1365.87778640052,13.7274012068518
